{
  "version": 1,
  "author": "Anonymous maker",
  "editor": "wokwi",
  "parts": [
    {
      "type": "wokwi-pi-pico",
      "id": "pico1",
      "top": 67.9,
      "left": -107.55,
      "rotate": 90,
      "attrs": { "env": "micropython-20220618-v1.19.1" }
    },
    {
      "type": "wokwi-pushbutton",
      "id": "btn1",
      "top": 37.8,
      "left": 118.2,
      "rotate": 90,
      "attrs": { "color": "black", "bounce": "0" }
    },
    {
      "type": "wokwi-pushbutton",
      "id": "btn2",
      "top": 37.8,
      "left": 60.6,
      "rotate": 90,
      "attrs": { "color": "black", "bounce": "0" }
    },
    {
      "type": "wokwi-pushbutton",
      "id": "btn3",
      "top": 37.8,
      "left": 175.8,
      "rotate": 90,
      "attrs": { "color": "black", "bounce": "0" }
    },
    {
      "type": "wokwi-pushbutton",
      "id": "btn4",
      "top": 124.2,
      "left": 118.2,
      "rotate": 90,
      "attrs": { "color": "black", "bounce": "0" }
    },
    {
      "type": "wokwi-pushbutton",
      "id": "btn5",
      "top": 124.2,
      "left": 60.6,
      "rotate": 90,
      "attrs": { "color": "black", "bounce": "0" }
    },
    {
      "type": "wokwi-pushbutton",
      "id": "btn6",
      "top": 124.2,
      "left": 175.8,
      "rotate": 90,
      "attrs": { "color": "black", "bounce": "0" }
    }
  ],
  "connections": [
    [ "btn2:2.l", "pico1:GP2", "green", [ "v-28.8", "h-77" ] ],
    [ "btn1:2.l", "pico1:GP3", "green", [ "v-28.8", "h-125" ] ],
    [ "btn2:1.r", "btn1:1.r", "green", [ "v9.8", "h57.6" ] ],
    [ "btn3:2.l", "pico1:GP4", "green", [ "v-28.8", "h-230.6" ] ],
    [ "btn1:1.r", "btn3:1.r", "green", [ "v9.8", "h57.6", "v-9.6" ] ],
    [ "btn5:1.r", "btn4:1.r", "green", [ "v9.8", "h57.6" ] ],
    [ "btn4:1.r", "btn6:1.r", "green", [ "v9.8", "h57.6", "v-9.6" ] ],
    [ "btn5:2.l", "pico1:GP5", "green", [ "v0", "h-57.8", "v-115.2", "h-67.2" ] ],
    [ "btn4:2.l", "pico1:GP6", "green", [ "v-9.6", "h-115.4", "v-105.6", "h-76.8" ] ],
    [ "btn6:2.l", "pico1:GP7", "green", [ "v-9.6", "h-173", "v-105.6", "h-96" ] ],
    [ "btn3:1.r", "btn6:1.r", "green", [ "v9.8", "h28.8", "v67.2" ] ],
    [ "btn5:1.r", "pico1:GND.8", "green", [ "v38.6", "h-105.6", "v-9.6" ] ]
  ],
  "dependencies": {}
}